{"stats":{"minecraft:custom":{"minecraft:jump":35,"minecraft:time_since_rest":7367,"minecraft:leave_game":3,"minecraft:play_time":7367,"minecraft:sprint_one_cm":6621,"minecraft:time_since_death":7367,"minecraft:walk_one_cm":7032,"minecraft:total_world_time":7367,"minecraft:fall_one_cm":267,"minecraft:fly_one_cm":2371},"minecraft:mined":{"minecraft:short_grass":1,"minecraft:grass_block":1,"minecraft:dandelion":1},"minecraft:picked_up":{"minecraft:wheat_seeds":1,"minecraft:dandelion":1,"minecraft:dirt":1}},"DataVersion":3953}