{"stats":{"minecraft:custom":{"minecraft:jump":35,"minecraft:time_since_rest":3861,"minecraft:sprint_one_cm":6621,"minecraft:leave_game":2,"minecraft:play_time":3861,"minecraft:time_since_death":3861,"minecraft:walk_one_cm":7032,"minecraft:total_world_time":3861,"minecraft:fall_one_cm":267,"minecraft:fly_one_cm":2371},"minecraft:picked_up":{"minecraft:wheat_seeds":1,"minecraft:dandelion":1,"minecraft:dirt":1},"minecraft:mined":{"minecraft:short_grass":1,"minecraft:grass_block":1,"minecraft:dandelion":1}},"DataVersion":3953}