{"stats":{"minecraft:killed_by":{"minecraft:spider":2},"minecraft:custom":{"minecraft:jump":83,"minecraft:time_since_rest":56793,"minecraft:damage_taken":500,"minecraft:crouch_one_cm":115,"minecraft:leave_game":3,"minecraft:play_time":94916,"minecraft:sprint_one_cm":8420,"minecraft:time_since_death":50667,"minecraft:walk_one_cm":7688,"minecraft:deaths":2,"minecraft:sneak_time":88,"minecraft:total_world_time":94916,"minecraft:fly_one_cm":20262,"minecraft:fall_one_cm":209},"minecraft:picked_up":{"minecraft:wheat_seeds":1},"minecraft:used":{"minecraft:grass_block":1},"minecraft:mined":{"minecraft:tall_grass":2,"minecraft:short_grass":13,"minecraft:oak_leaves":1}},"DataVersion":3953}