{"stats":{"minecraft:used":{"minecraft:trial_spawner":1,"minecraft:grass_block":6},"minecraft:killed_by":{"minecraft:spider":2},"minecraft:mined":{"minecraft:tall_grass":2,"minecraft:short_grass":13,"minecraft:oak_leaves":1},"minecraft:custom":{"minecraft:jump":329,"minecraft:time_since_rest":99203,"minecraft:damage_dealt":40,"minecraft:damage_taken":500,"minecraft:crouch_one_cm":755,"minecraft:leave_game":7,"minecraft:play_time":137326,"minecraft:sprint_one_cm":29044,"minecraft:time_since_death":93077,"minecraft:walk_one_cm":13741,"minecraft:deaths":2,"minecraft:sneak_time":270,"minecraft:total_world_time":137326,"minecraft:fly_one_cm":194803,"minecraft:fall_one_cm":209},"minecraft:picked_up":{"minecraft:wheat_seeds":2}},"DataVersion":3953}