{"stats":{"minecraft:picked_up":{"minecraft:porkchop":3},"minecraft:used":{"minecraft:stone":1},"minecraft:custom":{"minecraft:jump":48,"minecraft:time_since_rest":7883,"minecraft:damage_taken":540,"minecraft:damage_dealt":120,"minecraft:crouch_one_cm":211,"minecraft:leave_game":5,"minecraft:play_time":32151,"minecraft:sprint_one_cm":7118,"minecraft:time_since_death":7858,"minecraft:walk_on_water_one_cm":440,"minecraft:walk_one_cm":7222,"minecraft:sneak_time":158,"minecraft:climb_one_cm":72,"minecraft:total_world_time":32151,"minecraft:walk_under_water_one_cm":326,"minecraft:mob_kills":1,"minecraft:swim_one_cm":495,"minecraft:fall_one_cm":267,"minecraft:fly_one_cm":123869,"minecraft:deaths":2},"minecraft:killed_by":{"minecraft:husk":2},"minecraft:killed":{"minecraft:pig":1}},"DataVersion":3700}