{"stats":{"minecraft:picked_up":{"minecraft:porkchop":3},"minecraft:used":{"minecraft:stone":1},"minecraft:custom":{"minecraft:jump":55,"minecraft:time_since_rest":9440,"minecraft:damage_taken":540,"minecraft:leave_game":7,"minecraft:play_time":33708,"minecraft:crouch_one_cm":211,"minecraft:time_since_death":9415,"minecraft:walk_one_cm":8803,"minecraft:sprint_one_cm":8323,"minecraft:walk_on_water_one_cm":440,"minecraft:deaths":2,"minecraft:sneak_time":167,"minecraft:total_world_time":33708,"minecraft:climb_one_cm":72,"minecraft:walk_under_water_one_cm":326,"minecraft:mob_kills":1,"minecraft:swim_one_cm":495,"minecraft:fall_one_cm":267,"minecraft:fly_one_cm":133925,"minecraft:damage_dealt":120},"minecraft:killed_by":{"minecraft:husk":2},"minecraft:killed":{"minecraft:pig":1}},"DataVersion":3700}