{
  "minecraft:recipes/decorations/crafting_table": {
    "criteria": {
      "unlock_right_away": "2024-06-28 15:40:05 +0000"
    },
    "done": true
  },
  "minecraft:adventure/adventuring_time": {
    "criteria": {
      "minecraft:flower_forest": "2024-06-28 16:47:19 +0000",
      "minecraft:beach": "2024-06-28 17:57:02 +0000",
      "minecraft:sunflower_plains": "2024-06-28 17:57:06 +0000",
      "minecraft:river": "2024-06-28 17:57:01 +0000",
      "minecraft:meadow": "2024-06-28 17:47:04 +0000",
      "minecraft:plains": "2024-06-28 15:40:06 +0000"
    },
    "done": false
  },
  "minecraft:adventure/root": {
    "criteria": {
      "killed_by_something": "2024-06-28 15:53:06 +0000"
    },
    "done": true
  },
  "DataVersion": 3953
}